<?xml version="1.0" encoding="UTF-8"?>
<cockatrice_carddatabase version="3">
<sets>
<set>
<name>MHLW</name>
<longname>Hollows of Lordran Multiplayer Expansion</longname>
<settype>Custom</settype>
</set>
</sets>
<cards>

<card>
 <name>Ornstein, Tester of Mortals</name>
 <set rarity="mythic">MHLW</set>
 <color>WR</color>
 <manacost>3RW</manacost>
 <cmc>5</cmc>
 <type>Legendary Creature - Demigod Knight </type>
 <pt>4/4</pt>
 <tablerow>2</tablerow>
 <text>Vigilance, haste
Whenever one or more creatures with power 2 or less block, Ornstein, Tester of Mortals deals 4 damage to each player.
Partner (You can have two commanders if both have partner.)</text>
</card>
<card>
 <name>Smough, Grisly Executioner</name>
 <set rarity="mythic">MHLW</set>
 <color>BG</color>
 <manacost>2BG</manacost>
 <cmc>4</cmc>
 <type>Legendary Creature - Human Warrior </type>
 <pt>5/5</pt>
 <tablerow>2</tablerow>
 <text>Menace
Smough, Grisly Executioner must be blocked by two or more creatures if able.
Partner (You can have two commanders if both have partner.)</text>
</card>
<card>
 <name>Lady of the Darkling</name>
 <set rarity="mythic">MHLW</set>
 <color>UB</color>
 <manacost>1UB</manacost>
 <cmc>3</cmc>
 <type>Legendary Creature - Human Knight </type>
 <pt>2/4</pt>
 <tablerow>2</tablerow>
 <text>Lifelink
At the beginning of your end step, if a creature died this turn, scry 2.
Partner (You can have two commanders if both have partner.)</text>
</card>
<card>
 <name>Praise the Sun</name>
 <set rarity="rare">MHLW</set>
 <color>W</color>
 <manacost>1W</manacost>
 <cmc>2</cmc>
 <type>Sorcery</type>
 <tablerow>3</tablerow>
 <text>Join Forces — Starting with you, each player may pay any amount of mana. Each player distributes X +1/+1 counters among any number of creatures they control, where X is the total amount of mana paid this way.</text>
</card>
<card>
 <name>Soul Burning</name>
 <set rarity="rare">MHLW</set>
 <color>R</color>
 <manacost>R</manacost>
 <cmc>1</cmc>
 <type>Sorcery</type>
 <tablerow>3</tablerow>
 <text>Join forces — Starting with you, each player may pay any amount of mana. Each player exiles the top X cards of their library, where X is the total amount of mana spent this way. Each player may cast cards they exiled this way until the end of their next turn.</text>
</card>
<card>
 <name>Legacy of Sif</name>
 <set rarity="rare">MHLW</set>
 <color>G</color>
 <manacost>1G</manacost>
 <cmc>2</cmc>
 <type>Sorcery</type>
 <tablerow>3</tablerow>
 <text>Join forces — Starting with you, each player may pay any amount of mana. Each player creates X 2/2 green Wolf creature tokens, where X is the total amount of mana paid this way.</text>
</card>
<card>
 <name>Asylum Persecutor</name>
 <set rarity="rare">MHLW</set>
 <color>B</color>
 <manacost>5BB</manacost>
 <cmc>7</cmc>
 <type>Creature - Demon </type>
 <pt>7/7</pt>
 <tablerow>2</tablerow>
 <text>Flying, trample
Join forces — At the beginning of your upkeep, each player starting with you may pay any amount of mana. Each player loses 10 minus X life, where X is the total amount of mana paid this way.</text>
</card>
<card>
 <name>Sieglinde, Leal Daughter</name>
 <set rarity="mythic">MHLW</set>
 <color>WU</color>
 <manacost>1WU</manacost>
 <cmc>3</cmc>
 <type>Legendary Creature - Human Knight </type>
 <pt>2/4</pt>
 <tablerow>2</tablerow>
 <text>Whenever Sieglinde, Leal Daughter deals combat damage to a player, return target creature card with converted mana cost 2 or less from your graveyard to the battlefield.
Partner (You can have two commanders if both have partner.)</text>
</card>
<card>
 <name>Pinwheel, Masked Cabal</name>
 <set rarity="mythic">MHLW</set>
 <color>UB</color>
 <manacost>2UB</manacost>
 <cmc>4</cmc>
 <type>Legendary Creature - Horror Wizard </type>
 <pt>4/2</pt>
 <tablerow>2</tablerow>
 <text>Whenever Pinwheel, Masked Cabal attacks, you may discard a card. If you do, create two 2/2 blue Illusion creature tokens with “When this creature becomes the target of a spell, sacrifice it.”
Partner (You can have two commanders if both have partner.)</text>
</card>
<card>
 <name>Laurentius, Humble Pupil</name>
 <set rarity="mythic">MHLW</set>
 <color>RG</color>
 <manacost>1RG</manacost>
 <cmc>3</cmc>
 <type>Legendary Creature - Human Shaman </type>
 <pt>2/2</pt>
 <tablerow>2</tablerow>
 <text>Spells you cast that target creatures cost 2 less to cast.
Partner (You can have two commanders if both have partner.)</text>
</card>
<card>
 <name>Alvina, Hunt-Mother</name>
 <set rarity="mythic">MHLW</set>
 <color>UG</color>
 <manacost>2GU</manacost>
 <cmc>4</cmc>
 <type>Legendary Creature - Cat Advisor </type>
 <pt>3/3</pt>
 <tablerow>2</tablerow>
 <text>Flash
Whenever an opponent is dealt 5 or more damage, each player other than that player draws a card.
Partner (You can have two commanders if both have partner.)</text>
</card>
<card>
 <name>Kalameet, Abyss Dragon</name>
 <set rarity="mythic">MHLW</set>
 <color>BR</color>
 <manacost>3BR</manacost>
 <cmc>5</cmc>
 <type>Legendary Creature - Dragon </type>
 <pt>4/4</pt>
 <tablerow>2</tablerow>
 <text>Flying
If another source would deal damage to an opponent, it instead deals twice that much damage.
Partner (You can have two commanders if both have partner.)</text>
</card>
<card>
 <name>Black Iron Tarkus</name>
 <set rarity="mythic">MHLW</set>
 <color>WB</color>
 <manacost>2WB</manacost>
 <cmc>4</cmc>
 <type>Legendary Creature - Human Knight </type>
 <pt>4/4</pt>
 <tablerow>2</tablerow>
 <text>Whenever a creature leaves the battlefield, put a +1/+1 counter on Black Iron Tarkus.
Remove two +1/+1 counters from Tarkus: It gains indestructible until end of turn.
Partner (You can have two commanders if both have partner.)</text>
</card>
<card>
 <name>Big Hat Logan</name>
 <set rarity="mythic">MHLW</set>
 <color>UR</color>
 <manacost>2UR</manacost>
 <cmc>4</cmc>
 <type>Legendary Creature - Human Wizard </type>
 <pt>3/3</pt>
 <tablerow>2</tablerow>
 <text>At the beginning of your upkeep, put the top four cards of your library into your graveyard. Until end of turn, you may cast a noncreature card put into your graveyard this way.
Partner (You can have two commanders if both have partner.)</text>
</card>
<card>
 <name>Quelaag, Chaos Witch</name>
 <set rarity="mythic">MHLW</set>
 <color>BR</color>
 <manacost>1BR</manacost>
 <cmc>3</cmc>
 <type>Legendary Creature - Spider Demon </type>
 <pt>2/4</pt>
 <tablerow>2</tablerow>
 <text>Menace
Whenever Quelaag, Chaos Witch attacks, it deals damage equal to its power to an opponent chosen at random.
Partner (You can have two commanders if both have partner.)</text>
</card>
<card>
 <name>Solaire, Seeker of Sunlight</name>
 <set rarity="mythic">MHLW</set>
 <color>WR</color>
 <manacost>1RW</manacost>
 <cmc>3</cmc>
 <type>Legendary Creature - Human Knight </type>
 <pt>3/3</pt>
 <tablerow>2</tablerow>
 <text>Whenever Solaire, Seeker of Sunlight and exactly one other creature attack, they each gain double strike until end of turn.
Partner (You can have two commanders if both have partner.)</text>
</card>
<card>
 <name>Sif, Great Grey Wolf</name>
 <set rarity="mythic">MHLW</set>
 <color>WG</color>
 <manacost>2GW</manacost>
 <cmc>4</cmc>
 <type>Legendary Creature - Wolf </type>
 <pt>5/4</pt>
 <tablerow>2</tablerow>
 <text>Vigilance
Equip abilities you activate cost 3 less to activate.
Partner (You can have two commanders if both have partner.)</text>
</card>
<card>
 <name>Siegmeyer, Errant Ally</name>
 <set rarity="mythic">MHLW</set>
 <color>UR</color>
 <manacost>UR</manacost>
 <cmc>2</cmc>
 <type>Legendary Creature - Human Knight </type>
 <pt>3/3</pt>
 <tablerow>2</tablerow>
 <text>At the beginning of combat on your turn, choose an opponent at random. Siegmeyer, Errant Ally attacks that player this combat if able. Whenever Siegmeyer deals combat damage to that player this turn, draw a card.
Partner (You can have two commanders if both have partner.)</text>
</card>
<card>
 <name>Quelana, Mother of Fire</name>
 <set rarity="mythic">MHLW</set>
 <color>RG</color>
 <manacost>2RG</manacost>
 <cmc>4</cmc>
 <type>Legendary Creature - Human Shaman </type>
 <pt>3/3</pt>
 <tablerow>2</tablerow>
 <text>T: Add RR.
T, Exile two cards from your graveyard: Create a 2/2 red and green Shaman creature token with “T: Add R.”
Partner (You can have two commanders if both have partner.)</text>
</card>
<card>
 <name>Priscilla, Cross-Breed</name>
 <set rarity="mythic">MHLW</set>
 <color>WU</color>
 <manacost>2WU</manacost>
 <cmc>4</cmc>
 <type>Legendary Creature - Demigod Cleric </type>
 <pt>3/3</pt>
 <tablerow>2</tablerow>
 <text>Whenever you cast a noncreature spell, put a +1/+1 counter on Priscilla, Cross-Breed. It gains lifelink and hexproof until end of turn.
Partner (You can have two commanders if both have partner.)</text>
</card>
<card>
 <name>Petrus, False Friend</name>
 <set rarity="mythic">MHLW</set>
 <color>WB</color>
 <manacost>WB</manacost>
 <cmc>2</cmc>
 <type>Legendary Creature - Human Cleric </type>
 <pt>2/2</pt>
 <tablerow>2</tablerow>
 <text>Whenever a creature enters the battlefield under your control, each opponent loses 1 life and you gain 1 life.
Partner (You can have two commanders if both have partner.)</text>
</card>
<card>
 <name>The Fair Lady</name>
 <set rarity="mythic">MHLW</set>
 <color>BG</color>
 <manacost>1BG</manacost>
 <cmc>3</cmc>
 <type>Legendary Creature - Spider Demon </type>
 <pt>2/3</pt>
 <tablerow>2</tablerow>
 <text>Reach
Whenever a nontoken creature dies, you may pay 2 life. If you do, create a 1/2 green Spider creature token with reach.
Partner (You can have two commanders if both have partner.)</text>
</card>
<card>
 <name>Dusk, Princess of Oolacile</name>
 <set rarity="mythic">MHLW</set>
 <color>UG</color>
 <manacost>GU</manacost>
 <cmc>2</cmc>
 <type>Legendary Creature - Human Wizard </type>
 <pt>0/3</pt>
 <tablerow>2</tablerow>
 <text>Defender
At the beginning of combat on each player’s turn, you may pay 2. If you do, put a +1/+1 counter on target creature that player controls. That creature can’t be blocked this turn.
Partner (You can have two commanders if both have partner.)</text>
</card>
<card>
 <name>Artorias, the Wolf Knight</name>
 <set rarity="mythic">MHLW</set>
 <color>WG</color>
 <manacost>3GW</manacost>
 <cmc>5</cmc>
 <type>Legendary Creature - Demigod Knight </type>
 <pt>4/7</pt>
 <tablerow>2</tablerow>
 <text>If a source would deal damage to a creature other than Artorias, the Wolf Knight, you may have that damage be dealt to Artorias instead. If you do, you gain that much life.
Partner (You can have two commanders if both have partner.)</text>
</card>
<card>
 <name>Thief's Journey</name>
 <set rarity="rare">MHLW</set>
 <color>U</color>
 <manacost>U</manacost>
 <cmc>1</cmc>
 <type>Sorcery</type>
 <tablerow>3</tablerow>
 <text>Join forces — Starting with you, each player may pay any amount of mana. Starting with the next opponent in turn order, each player gains control of a permanent of their choice with converted mana cost X or less, where X is the total amount of mana paid this way.</text>
</card>

<!-->Tokens</-->

<card>
 <name>MHLW Shaman</name>
 <set>MHLW</set>
 <color>RG</color>
 <type>Token Creature - Shaman </type>
 <pt>2/2</pt>
 <tablerow>2</tablerow>
 <text>T: Add R.</text>
 <token>1</token>
<reverse-related>Quelana, Mother of Pyromancy</reverse-related>

</card>
<card>
 <name>MHLW Spider</name>
 <set>MHLW</set>
 <color>G</color>
 <type>Token Creature - Spider </type>
 <pt>1/2</pt>
 <tablerow>2</tablerow>
 <text>Reach</text>
 <token>1</token>
<reverse-related>The Fair Lady</reverse-related>

</card>
<card>
 <name>MHLW Wolf</name>
 <set>MHLW</set>
 <color>G</color>
 <type>Token Creature - Wolf </type>
 <pt>2/2</pt>
 <tablerow>2</tablerow>
 <text></text>
 <token>1</token>

</card>
<card>
 <name>MHLW Illusion</name>
 <set>MHLW</set>
 <color>U</color>
 <type>Token Creature - Illusion </type>
 <pt>2/2</pt>
 <tablerow>2</tablerow>
 <text>When this creature becomes the target of a spell, sacrifice it.</text>
 <token>1</token>

</card>

</cards>
</cockatrice_carddatabase>